no_name_set:TIFFVGetFieldDefaulted,37,13
no_name_set:_TIFFMultiply32,36,24
no_name_set:_TIFFMultiply64,64,47
no_name_set:_TIFFCheckRealloc,64,44
no_name_set:_TIFFUInt64ToDouble,48,33
no_name_set:_TIFFUInt64ToDouble,57,39
no_name_set:_TIFFUInt64ToFloat,48,33
no_name_set:_TIFFUInt64ToFloat,57,39
no_name_set:_TIFFSeekOK,52,22
no_name_set:TIFFDefaultTransferFunction,46,20
no_name_set:TIFFDefaultRefBlackWhite,49,9
no_name_set:TIFFDefaultRefBlackWhite,49,15
no_name_set:TIFFDefaultTransferFunction,43,17
no_name_set:_TIFFSeekOK,52,22
no_name_set:_TIFFCheckRealloc,64,44
no_name_set:_TIFFMultiply64,64,47
no_name_set:_TIFFMultiply32,36,24
no_name_set:TIFFVGetFieldDefaulted,39,13
no_name_set:TIFFCleanup,51,21
no_name_set:TIFFClose,64,10
no_name_set:TIFFClose,64,10
no_name_set:TIFFCleanup,52,21
no_name_set:TIFFIsCODECConfigured,35,4
no_name_set:NotConfigured,54,7
no_name_set:_notConfigured,37,11
no_name_set:_notConfigured,37,11
no_name_set:NotConfigured,54,7
no_name_set:TIFFIsCODECConfigured,35,4
no_name_set:TIFFCIELabToRGBInit,50,19
no_name_set:TIFFCIELabToXYZ,48,18
no_name_set:TIFFXYZToRGB,49,19
no_name_set:TIFFYCbCrToRGBInit,42,15
no_name_set:TIFFYCbCrtoRGB,41,17
no_name_set:TIFFYCbCrtoRGB,41,19
no_name_set:TIFFYCbCrToRGBInit,43,14
no_name_set:TIFFXYZToRGB,51,18
no_name_set:TIFFCIELabToXYZ,48,18
no_name_set:TIFFCIELabToRGBInit,50,18
no_name_set:TIFFFindCODEC,35,11
no_name_set:TIFFRegisterCODEC,58,28
no_name_set:TIFFUnRegisterCODEC,64,4
no_name_set:TIFFGetConfiguredCODECs,53,36
no_name_set:_TIFFNoPreCode,32,1
no_name_set:_TIFFNoSeek,48,5
no_name_set:_TIFFSetDefaultCompressionState,58,12
no_name_set:TIFFSetCompressionScheme,34,19
no_name_set:TIFFNoEncode,41,10
no_name_set:TIFFNoDecode,41,10
no_name_set:_TIFFNoFixupTags,32,1
no_name_set:_TIFFtrue,32,1
no_name_set:_TIFFtrue,32,1
no_name_set:_TIFFNoFixupTags,32,1
no_name_set:TIFFNoDecode,41,10
no_name_set:TIFFNoEncode,41,10
no_name_set:TIFFSetCompressionScheme,34,19
no_name_set:_TIFFSetDefaultCompressionState,58,12
no_name_set:_TIFFNoSeek,48,5
no_name_set:_TIFFNoPreCode,32,1
no_name_set:TIFFGetConfiguredCODECs,51,24
no_name_set:TIFFUnRegisterCODEC,64,4
no_name_set:TIFFRegisterCODEC,58,28
no_name_set:TIFFFindCODEC,35,11
no_name_set:TIFFVGetField,44,21
no_name_set:TIFFNumberOfDirectories,38,19
no_name_set:TIFFCurrentDirOffset,64,34
no_name_set:TIFFFreeDirectory,58,18
no_name_set:TIFFCreateDirectory,56,9
no_name_set:TIFFCreateCustomDirectory,56,9
no_name_set:TIFFLastDirectory,48,12
no_name_set:TIFFSetDirectory,40,20
no_name_set:TIFFSetSubDirectory,48,21
no_name_set:TIFFUnlinkDirectory,46,20
no_name_set:TIFFVSetField,37,23
no_name_set:TIFFUnsetField,45,23
no_name_set:TIFFDefaultDirectory,54,14
no_name_set:_TIFFsetByteArray,53,21
no_name_set:_TIFFsetString,64,43
no_name_set:_TIFFsetShortArray,53,22
no_name_set:_TIFFsetLongArray,53,22
no_name_set:_TIFFsetFloatArray,53,22
no_name_set:_TIFFsetDoubleArray,53,22
no_name_set:setByteArray,64,53
no_name_set:_TIFFsetNString,53,21
no_name_set:_TIFFsetLong8Array,53,22
no_name_set:setDoubleArrayOneValue,64,41
no_name_set:setExtraSamples,36,13
no_name_set:checkInkNamesString,32,17
no_name_set:_TIFFVSetField,37,21
no_name_set:OkToChangeTag,37,10
no_name_set:_TIFFVGetField,38,15
no_name_set:TIFFAdvanceDirectory,48,34
no_name_set:TIFFAdvanceDirectory,46,29
no_name_set:_TIFFVGetField,40,14
no_name_set:OkToChangeTag,37,10
no_name_set:_TIFFVSetField,38,19
no_name_set:checkInkNamesString,32,17
no_name_set:setExtraSamples,37,14
no_name_set:setDoubleArrayOneValue,64,33
no_name_set:_TIFFsetLong8Array,53,22
no_name_set:_TIFFsetNString,53,21
no_name_set:setByteArray,64,53
no_name_set:_TIFFsetDoubleArray,53,22
no_name_set:_TIFFsetFloatArray,53,22
no_name_set:_TIFFsetLongArray,53,22
no_name_set:_TIFFsetShortArray,53,22
no_name_set:_TIFFsetString,64,43
no_name_set:_TIFFsetByteArray,53,21
no_name_set:TIFFDefaultDirectory,54,14
no_name_set:TIFFUnsetField,48,25
no_name_set:TIFFVSetField,37,23
no_name_set:TIFFUnlinkDirectory,46,21
no_name_set:TIFFSetSubDirectory,48,21
no_name_set:TIFFSetDirectory,40,21
no_name_set:TIFFLastDirectory,48,12
no_name_set:TIFFCreateCustomDirectory,56,9
no_name_set:TIFFCreateDirectory,56,9
no_name_set:TIFFFreeDirectory,59,18
no_name_set:TIFFCurrentDirOffset,64,34
no_name_set:TIFFNumberOfDirectories,38,19
no_name_set:TIFFVGetField,44,20
no_name_set:TIFFFindField,49,21
no_name_set:TIFFFieldWithTag,42,14
no_name_set:TIFFFieldWithName,48,5
no_name_set:TIFFFieldName,64,6
no_name_set:TIFFFieldDataType,48,18
no_name_set:TIFFFieldPassCount,34,7
no_name_set:TIFFFieldReadCount,37,11
no_name_set:TIFFFieldWriteCount,37,11
no_name_set:TIFFDataWidth,32,6
no_name_set:TIFFMergeFieldInfo,46,19
no_name_set:_TIFFSetupFields,49,19
no_name_set:_TIFFPrintFieldInfo,42,17
no_name_set:_TIFFMergeFields,54,29
no_name_set:_TIFFFindOrRegisterField,32,19
no_name_set:_TIFFCreateAnonField,42,7
no_name_set:_TIFFCheckFieldIsValidForCodec,30,9
no_name_set:_TIFFDataSize,32,6
no_name_set:td_lfind,54,50
no_name_set:tagCompare,34,25
no_name_set:tagNameCompare,38,20
no_name_set:_TIFFFindFieldByName,49,13
no_name_set:_TIFFSetGetType,29,5
no_name_set:_TIFFSetGetType,29,7
no_name_set:_TIFFFindFieldByName,53,10
no_name_set:tagNameCompare,38,20
no_name_set:tagCompare,34,25
no_name_set:td_lfind,54,50
no_name_set:_TIFFDataSize,32,11
no_name_set:_TIFFCheckFieldIsValidForCodec,26,11
no_name_set:_TIFFCreateAnonField,42,8
no_name_set:_TIFFFindOrRegisterField,32,19
no_name_set:_TIFFMergeFields,55,27
no_name_set:_TIFFPrintFieldInfo,43,16
no_name_set:_TIFFSetupFields,49,18
no_name_set:TIFFMergeFieldInfo,47,19
no_name_set:TIFFDataWidth,32,6
no_name_set:TIFFFieldWriteCount,37,11
no_name_set:TIFFFieldReadCount,37,11
no_name_set:TIFFFieldPassCount,34,7
no_name_set:TIFFFieldDataType,48,18
no_name_set:TIFFFieldName,64,6
no_name_set:TIFFFieldWithName,48,5
no_name_set:TIFFFieldWithTag,42,14
no_name_set:TIFFFindField,54,15
no_name_set:TIFFReadDirectory,39,25
no_name_set:TIFFReadCustomDirectory,36,18
no_name_set:_TIFFFillStriles,32,16
no_name_set:TIFFReadDirEntryByte,30,20
no_name_set:TIFFReadDirEntryShort,32,21
no_name_set:TIFFReadDirEntryLong,35,23
no_name_set:TIFFReadDirEntryLong8,41,27
no_name_set:TIFFReadDirEntryFloat,36,22
no_name_set:TIFFReadDirEntryDouble,36,23
no_name_set:TIFFReadDirEntryIfd8,43,18
no_name_set:TIFFReadDirEntryArray,42,21
no_name_set:TIFFReadDirEntryByteArray,32,24
no_name_set:TIFFReadDirEntrySbyteArray,32,24
no_name_set:TIFFReadDirEntryShortArray,33,25
no_name_set:TIFFReadDirEntrySshortArray,33,24
no_name_set:TIFFReadDirEntryLongArray,34,25
no_name_set:TIFFReadDirEntrySlongArray,34,24
no_name_set:TIFFReadDirEntryLong8Array,48,16
no_name_set:TIFFReadDirEntrySlong8Array,36,24
no_name_set:TIFFReadDirEntryFloatArray,34,27
no_name_set:TIFFReadDirEntryDoubleArray,34,27
no_name_set:TIFFReadDirEntryIfd8Array,37,20
no_name_set:TIFFReadDirEntryPersampleShort,32,14
no_name_set:TIFFReadDirEntryCheckedByte,36,6
no_name_set:TIFFReadDirEntryCheckedSbyte,36,6
no_name_set:TIFFReadDirEntryCheckedShort,34,15
no_name_set:TIFFReadDirEntryCheckedSshort,34,15
no_name_set:TIFFReadDirEntryCheckedLong,37,18
no_name_set:TIFFReadDirEntryCheckedSlong,37,18
no_name_set:TIFFReadDirEntryCheckedLong8,40,26
no_name_set:TIFFReadDirEntryCheckedSlong8,40,26
no_name_set:TIFFReadDirEntryCheckedRational,41,24
no_name_set:TIFFReadDirEntryCheckedSrational,40,24
no_name_set:TIFFReadDirEntryCheckedFloat,37,18
no_name_set:TIFFReadDirEntryCheckedDouble,40,26
no_name_set:TIFFReadDirEntryCheckRangeByteSbyte,22,3
no_name_set:TIFFReadDirEntryCheckRangeByteShort,25,6
no_name_set:TIFFReadDirEntryCheckRangeByteSshort,24,5
no_name_set:TIFFReadDirEntryCheckRangeByteLong,32,9
no_name_set:TIFFReadDirEntryCheckRangeByteSlong,32,8
no_name_set:TIFFReadDirEntryCheckRangeByteLong8,44,15
no_name_set:TIFFReadDirEntryCheckRangeByteSlong8,48,13
no_name_set:TIFFReadDirEntryCheckRangeSbyteByte,22,4
no_name_set:TIFFReadDirEntryCheckRangeSbyteShort,25,6
no_name_set:TIFFReadDirEntryCheckRangeSbyteSshort,24,6
no_name_set:TIFFReadDirEntryCheckRangeSbyteLong,32,9
no_name_set:TIFFReadDirEntryCheckRangeSbyteSlong,32,9
no_name_set:TIFFReadDirEntryCheckRangeSbyteLong8,44,15
no_name_set:TIFFReadDirEntryCheckRangeSbyteSlong8,48,14
no_name_set:TIFFReadDirEntryCheckRangeShortSbyte,22,3
no_name_set:TIFFReadDirEntryCheckRangeShortSshort,25,4
no_name_set:TIFFReadDirEntryCheckRangeShortLong,32,11
no_name_set:TIFFReadDirEntryCheckRangeShortSlong,32,9
no_name_set:TIFFReadDirEntryCheckRangeShortLong8,44,17
no_name_set:TIFFReadDirEntryCheckRangeShortSlong8,48,14
no_name_set:TIFFReadDirEntryCheckRangeSshortShort,25,7
no_name_set:TIFFReadDirEntryCheckRangeSshortLong,32,10
no_name_set:TIFFReadDirEntryCheckRangeSshortSlong,32,11
no_name_set:TIFFReadDirEntryCheckRangeSshortLong8,44,17
no_name_set:TIFFReadDirEntryCheckRangeSshortSlong8,48,17
no_name_set:TIFFReadDirEntryCheckRangeLongSbyte,22,3
no_name_set:TIFFReadDirEntryCheckRangeLongSshort,25,4
no_name_set:TIFFReadDirEntryCheckRangeLongSlong,32,8
no_name_set:TIFFReadDirEntryCheckRangeLongLong8,44,20
no_name_set:TIFFReadDirEntryCheckRangeLongSlong8,48,17
no_name_set:TIFFReadDirEntryCheckRangeSlongLong,32,14
no_name_set:TIFFReadDirEntryCheckRangeSlongLong8,44,20
no_name_set:TIFFReadDirEntryCheckRangeSlongSlong8,48,22
no_name_set:TIFFReadDirEntryCheckRangeLong8Sbyte,22,3
no_name_set:TIFFReadDirEntryCheckRangeLong8Sshort,25,4
no_name_set:TIFFReadDirEntryCheckRangeLong8Slong,32,8
no_name_set:TIFFReadDirEntryCheckRangeLong8Slong8,44,14
no_name_set:TIFFReadDirEntryCheckRangeSlong8Long8,44,20
no_name_set:TIFFReadDirEntryData,50,28
no_name_set:TIFFReadDirEntryOutputErr,37,16
no_name_set:TIFFReadDirectoryCheckOrder,27,11
no_name_set:TIFFReadDirectoryFindEntry,22,10
no_name_set:TIFFReadDirectoryFindFieldInfo,39,23
no_name_set:EstimateStripByteCounts,47,29
no_name_set:MissingRequired,64,10
no_name_set:TIFFCheckDirOffset,37,14
no_name_set:CheckDirCount,44,22
no_name_set:TIFFFetchDirectory,44,29
no_name_set:TIFFFetchNormalTag,30,21
no_name_set:TIFFFetchStripThing,44,23
no_name_set:TIFFFetchSubjectDistance,39,20
no_name_set:ChopUpSingleUncompressedStrip,48,27
no_name_set:TIFFReadUInt64,36,9
no_name_set:_TIFFGetMaxColorChannels,29,6
no_name_set:_TIFFFillStrilesInternal,32,1
no_name_set:TIFFReadDirEntryDataAndRealloc,52,31
no_name_set:TIFFReadDirEntryArrayWithLimit,42,27
no_name_set:TIFFReadDirEntryLong8ArrayWithLimit,36,27
no_name_set:TIFFReadDirEntryLong8ArrayWithLimit,35,25
no_name_set:TIFFReadDirEntryArrayWithLimit,42,26
no_name_set:TIFFReadDirEntryDataAndRealloc,53,28
no_name_set:_TIFFFillStrilesInternal,32,1
no_name_set:_TIFFGetMaxColorChannels,20,4
no_name_set:TIFFReadUInt64,36,9
no_name_set:ChopUpSingleUncompressedStrip,48,27
no_name_set:TIFFFetchSubjectDistance,39,20
no_name_set:TIFFFetchStripThing,43,22
no_name_set:TIFFFetchNormalTag,30,21
no_name_set:TIFFFetchDirectory,43,28
no_name_set:CheckDirCount,44,22
no_name_set:TIFFCheckDirOffset,37,13
no_name_set:MissingRequired,64,10
no_name_set:EstimateStripByteCounts,47,27
no_name_set:TIFFReadDirectoryFindFieldInfo,38,23
no_name_set:TIFFReadDirectoryFindEntry,22,10
no_name_set:TIFFReadDirectoryCheckOrder,25,11
no_name_set:TIFFReadDirEntryOutputErr,35,19
no_name_set:TIFFReadDirEntryData,50,28
no_name_set:TIFFReadDirEntryCheckRangeSlong8Long8,44,20
no_name_set:TIFFReadDirEntryCheckRangeLong8Slong8,44,14
no_name_set:TIFFReadDirEntryCheckRangeLong8Slong,32,8
no_name_set:TIFFReadDirEntryCheckRangeLong8Sshort,25,4
no_name_set:TIFFReadDirEntryCheckRangeLong8Sbyte,22,3
no_name_set:TIFFReadDirEntryCheckRangeSlongSlong8,48,22
no_name_set:TIFFReadDirEntryCheckRangeSlongLong8,44,20
no_name_set:TIFFReadDirEntryCheckRangeSlongLong,32,14
no_name_set:TIFFReadDirEntryCheckRangeLongSlong8,48,17
no_name_set:TIFFReadDirEntryCheckRangeLongLong8,44,20
no_name_set:TIFFReadDirEntryCheckRangeLongSlong,32,8
no_name_set:TIFFReadDirEntryCheckRangeLongSshort,25,4
no_name_set:TIFFReadDirEntryCheckRangeLongSbyte,22,3
no_name_set:TIFFReadDirEntryCheckRangeSshortSlong8,48,17
no_name_set:TIFFReadDirEntryCheckRangeSshortLong8,44,17
no_name_set:TIFFReadDirEntryCheckRangeSshortSlong,32,11
no_name_set:TIFFReadDirEntryCheckRangeSshortLong,32,10
no_name_set:TIFFReadDirEntryCheckRangeSshortShort,25,7
no_name_set:TIFFReadDirEntryCheckRangeShortSlong8,48,14
no_name_set:TIFFReadDirEntryCheckRangeShortLong8,44,17
no_name_set:TIFFReadDirEntryCheckRangeShortSlong,32,9
no_name_set:TIFFReadDirEntryCheckRangeShortLong,32,11
no_name_set:TIFFReadDirEntryCheckRangeShortSshort,25,4
no_name_set:TIFFReadDirEntryCheckRangeShortSbyte,22,3
no_name_set:TIFFReadDirEntryCheckRangeSbyteSlong8,48,14
no_name_set:TIFFReadDirEntryCheckRangeSbyteLong8,44,15
no_name_set:TIFFReadDirEntryCheckRangeSbyteSlong,32,9
no_name_set:TIFFReadDirEntryCheckRangeSbyteLong,32,9
no_name_set:TIFFReadDirEntryCheckRangeSbyteSshort,24,6
no_name_set:TIFFReadDirEntryCheckRangeSbyteShort,25,6
no_name_set:TIFFReadDirEntryCheckRangeSbyteByte,22,4
no_name_set:TIFFReadDirEntryCheckRangeByteSlong8,48,13
no_name_set:TIFFReadDirEntryCheckRangeByteLong8,44,15
no_name_set:TIFFReadDirEntryCheckRangeByteSlong,32,8
no_name_set:TIFFReadDirEntryCheckRangeByteLong,32,9
no_name_set:TIFFReadDirEntryCheckRangeByteSshort,24,5
no_name_set:TIFFReadDirEntryCheckRangeByteShort,25,6
no_name_set:TIFFReadDirEntryCheckRangeByteSbyte,22,3
no_name_set:TIFFReadDirEntryCheckedDouble,40,26
no_name_set:TIFFReadDirEntryCheckedFloat,37,18
no_name_set:TIFFReadDirEntryCheckedSrational,41,23
no_name_set:TIFFReadDirEntryCheckedRational,41,24
no_name_set:TIFFReadDirEntryCheckedSlong8,40,26
no_name_set:TIFFReadDirEntryCheckedLong8,40,26
no_name_set:TIFFReadDirEntryCheckedSlong,37,18
no_name_set:TIFFReadDirEntryCheckedLong,37,18
no_name_set:TIFFReadDirEntryCheckedSshort,34,15
no_name_set:TIFFReadDirEntryCheckedShort,34,15
no_name_set:TIFFReadDirEntryCheckedSbyte,36,6
no_name_set:TIFFReadDirEntryCheckedByte,36,6
no_name_set:TIFFReadDirEntryPersampleShort,32,14
no_name_set:TIFFReadDirEntryIfd8Array,34,15
no_name_set:TIFFReadDirEntryDoubleArray,34,27
no_name_set:TIFFReadDirEntryFloatArray,34,27
no_name_set:TIFFReadDirEntrySlong8Array,35,22
no_name_set:TIFFReadDirEntryLong8Array,48,16
no_name_set:TIFFReadDirEntrySlongArray,33,23
no_name_set:TIFFReadDirEntryLongArray,33,24
no_name_set:TIFFReadDirEntrySshortArray,32,23
no_name_set:TIFFReadDirEntryShortArray,32,23
no_name_set:TIFFReadDirEntrySbyteArray,31,23
no_name_set:TIFFReadDirEntryByteArray,31,23
no_name_set:TIFFReadDirEntryArray,42,21
no_name_set:TIFFReadDirEntryIfd8,35,14
no_name_set:TIFFReadDirEntryDouble,35,23
no_name_set:TIFFReadDirEntryFloat,35,22
no_name_set:TIFFReadDirEntryLong8,40,26
no_name_set:TIFFReadDirEntryLong,34,23
no_name_set:TIFFReadDirEntryShort,32,21
no_name_set:TIFFReadDirEntryByte,30,21
no_name_set:_TIFFFillStriles,32,16
no_name_set:TIFFReadCustomDirectory,35,17
no_name_set:TIFFReadDirectory,37,24
no_name_set:TIFFWriteDirectory,32,16
no_name_set:TIFFWriteCustomDirectory,32,16
no_name_set:TIFFCheckpointDirectory,49,14
no_name_set:TIFFRewriteDirectory,46,30
no_name_set:_TIFFRewriteField,45,32
no_name_set:TIFFWriteDirectorySec,43,28
no_name_set:TIFFWriteDirectoryTagSampleformatArray,42,25
no_name_set:TIFFWriteDirectoryTagAscii,30,22
no_name_set:TIFFWriteDirectoryTagUndefinedArray,30,22
no_name_set:TIFFWriteDirectoryTagByteArray,30,22
no_name_set:TIFFWriteDirectoryTagSbyteArray,30,22
no_name_set:TIFFWriteDirectoryTagShort,28,20
no_name_set:TIFFWriteDirectoryTagShortArray,30,22
no_name_set:TIFFWriteDirectoryTagShortPerSample,36,13
no_name_set:TIFFWriteDirectoryTagSshortArray,30,22
no_name_set:TIFFWriteDirectoryTagLong,30,22
no_name_set:TIFFWriteDirectoryTagLongArray,30,22
no_name_set:TIFFWriteDirectoryTagSlongArray,30,22
no_name_set:TIFFWriteDirectoryTagLong8Array,30,22
no_name_set:TIFFWriteDirectoryTagSlong8Array,30,22
no_name_set:TIFFWriteDirectoryTagRational,29,20
no_name_set:TIFFWriteDirectoryTagRationalArray,30,22
no_name_set:TIFFWriteDirectoryTagSrationalArray,30,22
no_name_set:TIFFWriteDirectoryTagFloatArray,30,22
no_name_set:TIFFWriteDirectoryTagDoubleArray,30,22
no_name_set:TIFFWriteDirectoryTagIfdArray,30,22
no_name_set:TIFFWriteDirectoryTagShortLong,29,22
no_name_set:TIFFWriteDirectoryTagLongLong8Array,43,22
no_name_set:TIFFWriteDirectoryTagIfdIfd8Array,43,22
no_name_set:TIFFWriteDirectoryTagColormap,47,20
no_name_set:TIFFWriteDirectoryTagTransferfunction,42,19
no_name_set:TIFFWriteDirectoryTagSubifd,41,17
no_name_set:TIFFWriteDirectoryTagCheckedAscii,24,20
no_name_set:TIFFWriteDirectoryTagCheckedUndefinedArray,24,20
no_name_set:TIFFWriteDirectoryTagCheckedByteArray,24,20
no_name_set:TIFFWriteDirectoryTagCheckedSbyteArray,24,20
no_name_set:TIFFWriteDirectoryTagCheckedShort,30,13
no_name_set:TIFFWriteDirectoryTagCheckedShortArray,34,19
no_name_set:TIFFWriteDirectoryTagCheckedSshortArray,34,19
no_name_set:TIFFWriteDirectoryTagCheckedLong,32,15
no_name_set:TIFFWriteDirectoryTagCheckedLongArray,34,19
no_name_set:TIFFWriteDirectoryTagCheckedSlongArray,34,19
no_name_set:TIFFWriteDirectoryTagCheckedLong8Array,35,19
no_name_set:TIFFWriteDirectoryTagCheckedSlong8Array,35,19
no_name_set:TIFFWriteDirectoryTagCheckedRational,35,17
no_name_set:TIFFWriteDirectoryTagCheckedRationalArray,40,20
no_name_set:TIFFWriteDirectoryTagCheckedSrationalArray,39,17
no_name_set:TIFFWriteDirectoryTagCheckedFloatArray,34,19
no_name_set:TIFFWriteDirectoryTagCheckedDoubleArray,34,19
no_name_set:TIFFWriteDirectoryTagCheckedIfdArray,34,19
no_name_set:TIFFWriteDirectoryTagCheckedIfd8Array,33,19
no_name_set:TIFFWriteDirectoryTagData,45,23
no_name_set:TIFFLinkDirectory,44,30
no_name_set:TIFFClampDoubleToInt8,8,5
no_name_set:TIFFClampDoubleToInt16,16,11
no_name_set:TIFFClampDoubleToInt32,32,23
no_name_set:TIFFClampDoubleToUInt8,8,6
no_name_set:TIFFClampDoubleToUInt16,16,12
no_name_set:TIFFClampDoubleToUInt32,32,24
no_name_set:TIFFClampDoubleToUInt32,32,24
no_name_set:TIFFClampDoubleToUInt16,16,12
no_name_set:TIFFClampDoubleToUInt8,8,6
no_name_set:TIFFClampDoubleToInt32,32,23
no_name_set:TIFFClampDoubleToInt16,16,11
no_name_set:TIFFClampDoubleToInt8,8,5
no_name_set:TIFFLinkDirectory,44,29
no_name_set:TIFFWriteDirectoryTagData,47,26
no_name_set:TIFFWriteDirectoryTagCheckedIfd8Array,33,19
no_name_set:TIFFWriteDirectoryTagCheckedIfdArray,34,19
no_name_set:TIFFWriteDirectoryTagCheckedDoubleArray,34,19
no_name_set:TIFFWriteDirectoryTagCheckedFloatArray,34,19
no_name_set:TIFFWriteDirectoryTagCheckedSrationalArray,37,13
no_name_set:TIFFWriteDirectoryTagCheckedRationalArray,39,16
no_name_set:TIFFWriteDirectoryTagCheckedRational,35,17
no_name_set:TIFFWriteDirectoryTagCheckedSlong8Array,35,19
no_name_set:TIFFWriteDirectoryTagCheckedLong8Array,35,19
no_name_set:TIFFWriteDirectoryTagCheckedSlongArray,34,19
no_name_set:TIFFWriteDirectoryTagCheckedLongArray,34,19
no_name_set:TIFFWriteDirectoryTagCheckedLong,32,15
no_name_set:TIFFWriteDirectoryTagCheckedSshortArray,34,19
no_name_set:TIFFWriteDirectoryTagCheckedShortArray,34,19
no_name_set:TIFFWriteDirectoryTagCheckedShort,30,13
no_name_set:TIFFWriteDirectoryTagCheckedSbyteArray,24,20
no_name_set:TIFFWriteDirectoryTagCheckedByteArray,24,20
no_name_set:TIFFWriteDirectoryTagCheckedUndefinedArray,24,20
no_name_set:TIFFWriteDirectoryTagCheckedAscii,24,20
no_name_set:TIFFWriteDirectoryTagSubifd,40,17
no_name_set:TIFFWriteDirectoryTagTransferfunction,38,18
no_name_set:TIFFWriteDirectoryTagColormap,44,19
no_name_set:TIFFWriteDirectoryTagIfdIfd8Array,42,22
no_name_set:TIFFWriteDirectoryTagLongLong8Array,42,22
no_name_set:TIFFWriteDirectoryTagShortLong,29,22
no_name_set:TIFFWriteDirectoryTagIfdArray,30,22
no_name_set:TIFFWriteDirectoryTagDoubleArray,30,22
no_name_set:TIFFWriteDirectoryTagFloatArray,30,22
no_name_set:TIFFWriteDirectoryTagSrationalArray,30,22
no_name_set:TIFFWriteDirectoryTagRationalArray,30,22
no_name_set:TIFFWriteDirectoryTagRational,29,20
no_name_set:TIFFWriteDirectoryTagSlong8Array,30,22
no_name_set:TIFFWriteDirectoryTagLong8Array,30,22
no_name_set:TIFFWriteDirectoryTagSlongArray,30,22
no_name_set:TIFFWriteDirectoryTagLongArray,30,22
no_name_set:TIFFWriteDirectoryTagLong,30,22
no_name_set:TIFFWriteDirectoryTagSshortArray,30,22
no_name_set:TIFFWriteDirectoryTagShortPerSample,33,14
no_name_set:TIFFWriteDirectoryTagShortArray,30,22
no_name_set:TIFFWriteDirectoryTagShort,28,20
no_name_set:TIFFWriteDirectoryTagSbyteArray,30,22
no_name_set:TIFFWriteDirectoryTagByteArray,30,22
no_name_set:TIFFWriteDirectoryTagUndefinedArray,30,22
no_name_set:TIFFWriteDirectoryTagAscii,30,22
no_name_set:TIFFWriteDirectoryTagSampleformatArray,40,24
no_name_set:TIFFWriteDirectorySec,42,27
no_name_set:_TIFFRewriteField,45,32
no_name_set:TIFFRewriteDirectory,46,29
no_name_set:TIFFCheckpointDirectory,49,14
no_name_set:TIFFWriteCustomDirectory,32,16
no_name_set:TIFFWriteDirectory,32,16
no_name_set:TIFFInitDumpMode,60,9
no_name_set:DumpFixupTags,32,1
no_name_set:DumpModeEncode,56,38
no_name_set:DumpModeDecode,54,27
no_name_set:DumpModeSeek,58,37
no_name_set:DumpModeSeek,57,35
no_name_set:DumpModeDecode,54,27
no_name_set:DumpModeEncode,56,38
no_name_set:DumpFixupTags,32,1
no_name_set:TIFFInitDumpMode,60,9
no_name_set:TIFFGetTagListCount,48,20
no_name_set:TIFFGetTagListEntry,46,23
no_name_set:TIFFAccessTagMethods,64,11
no_name_set:TIFFGetClientInfo,51,10
no_name_set:TIFFSetClientInfo,53,22
no_name_set:TIFFSetClientInfo,55,17
no_name_set:TIFFGetClientInfo,56,7
no_name_set:TIFFAccessTagMethods,64,11
no_name_set:TIFFGetTagListEntry,50,22
no_name_set:TIFFGetTagListCount,48,20
no_name_set:TIFFInitCCITTRLE,42,16
no_name_set:TIFFInitCCITTRLEW,42,16
no_name_set:TIFFInitCCITTFax3,35,17
no_name_set:TIFFInitCCITTFax4,48,14
no_name_set:_TIFFFax3fillruns,39,23
no_name_set:Fax3PreDecode,48,7
no_name_set:Fax3Unexpected,41,20
no_name_set:Fax3Extension,41,20
no_name_set:Fax3BadLength,41,21
no_name_set:Fax3PrematureEOF,41,20
no_name_set:Fax3Decode1D,36,26
no_name_set:Fax3Decode2D,34,26
no_name_set:Fax3FixupTags,32,1
no_name_set:Fax3SetupState,43,19
no_name_set:Fax3PutBits,43,28
no_name_set:putspan,40,28
no_name_set:Fax3PutEOL,41,27
no_name_set:Fax3PreEncode,45,9
no_name_set:find0span,37,21
no_name_set:find1span,37,22
no_name_set:Fax3Encode1DRow,45,28
no_name_set:Fax3Encode2DRow,31,22
no_name_set:Fax3Encode,46,25
no_name_set:Fax3PostEncode,52,22
no_name_set:Fax3Close,44,15
no_name_set:Fax3Cleanup,60,8
no_name_set:Fax3VSetField,42,19
no_name_set:Fax3VGetField,45,16
no_name_set:Fax3PrintDir,47,25
no_name_set:InitCCITTFax3,54,11
no_name_set:Fax4Decode,34,26
no_name_set:Fax4Encode,55,30
no_name_set:Fax4PostEncode,50,20
no_name_set:Fax3DecodeRLE,38,27
no_name_set:Fax3DecodeRLE,37,25
no_name_set:Fax4PostEncode,50,20
no_name_set:Fax4Encode,55,30
no_name_set:Fax4Decode,34,25
no_name_set:InitCCITTFax3,54,11
no_name_set:Fax3PrintDir,46,24
no_name_set:Fax3VGetField,42,14
no_name_set:Fax3VSetField,40,18
no_name_set:Fax3Cleanup,60,8
no_name_set:Fax3Close,44,15
no_name_set:Fax3PostEncode,52,22
no_name_set:Fax3Encode,46,25
no_name_set:Fax3Encode2DRow,32,21
no_name_set:Fax3Encode1DRow,45,28
no_name_set:find1span,34,20
no_name_set:find0span,34,19
no_name_set:Fax3PreEncode,45,9
no_name_set:Fax3PutEOL,41,26
no_name_set:putspan,40,27
no_name_set:Fax3PutBits,42,26
no_name_set:Fax3SetupState,43,15
no_name_set:Fax3FixupTags,32,1
no_name_set:Fax3Decode2D,34,26
no_name_set:Fax3Decode1D,36,25
no_name_set:Fax3PrematureEOF,46,17
no_name_set:Fax3BadLength,45,18
no_name_set:Fax3Extension,46,17
no_name_set:Fax3Unexpected,46,17
no_name_set:Fax3PreDecode,48,7
no_name_set:_TIFFFax3fillruns,37,23
no_name_set:TIFFInitCCITTFax4,48,14
no_name_set:TIFFInitCCITTFax3,35,17
no_name_set:TIFFInitCCITTRLEW,42,16
no_name_set:TIFFInitCCITTRLE,42,16
no_name_set:TIFFFlush,35,22
no_name_set:TIFFFlushData,36,19
no_name_set:TIFFFlushData,36,19
no_name_set:TIFFFlush,35,22
no_name_set:TIFFReadRGBAImage,32,26
no_name_set:TIFFReadRGBAImageOriented,41,24
no_name_set:TIFFReadRGBAStrip,32,21
no_name_set:TIFFReadRGBATile,32,24
no_name_set:TIFFReadRGBAStripExt,38,23
no_name_set:TIFFReadRGBATileExt,42,28
no_name_set:TIFFRGBAImageOK,28,12
no_name_set:TIFFRGBAImageBegin,35,14
no_name_set:TIFFRGBAImageGet,44,19
no_name_set:TIFFRGBAImageEnd,64,6
no_name_set:gtTileContig,39,28
no_name_set:gtTileSeparate,40,29
no_name_set:gtStripContig,39,27
no_name_set:gtStripSeparate,42,29
no_name_set:PickContigCase,29,17
no_name_set:PickSeparateCase,32,15
no_name_set:BuildMapUaToAa,31,8
no_name_set:BuildMapBitdepth16To8,37,9
no_name_set:isCCITTCompression,23,5
no_name_set:setorientation,25,6
no_name_set:put8bitcmaptile,44,21
no_name_set:put4bitcmaptile,42,20
no_name_set:put2bitcmaptile,42,21
no_name_set:put1bitcmaptile,42,21
no_name_set:putgreytile,44,21
no_name_set:putagreytile,41,21
no_name_set:put16bitbwtile,44,21
no_name_set:put1bitbwtile,42,21
no_name_set:put2bitbwtile,42,21
no_name_set:put4bitbwtile,42,20
no_name_set:putRGBcontig8bittile,29,15
no_name_set:putRGBAAcontig8bittile,28,15
no_name_set:putRGBUAcontig8bittile,39,17
no_name_set:putRGBcontig16bittile,38,19
no_name_set:putRGBAAcontig16bittile,38,19
no_name_set:putRGBUAcontig16bittile,40,17
no_name_set:putRGBcontig8bitCMYKtile,28,17
no_name_set:putRGBcontig8bitCMYKMaptile,34,17
no_name_set:putRGBseparate8bittile,29,15
no_name_set:putRGBAAseparate8bittile,28,15
no_name_set:putCMYKseparate8bittile,33,22
no_name_set:putRGBUAseparate8bittile,37,17
no_name_set:putRGBseparate16bittile,37,19
no_name_set:putRGBAAseparate16bittile,36,19
no_name_set:putRGBUAseparate16bittile,39,17
no_name_set:putcontig8bitCIELab,36,21
no_name_set:putcontig8bitYCbCr44tile,32,25
no_name_set:putcontig8bitYCbCr42tile,33,24
no_name_set:putcontig8bitYCbCr41tile,33,23
no_name_set:putcontig8bitYCbCr22tile,32,23
no_name_set:putcontig8bitYCbCr21tile,33,22
no_name_set:putcontig8bitYCbCr12tile,34,23
no_name_set:putcontig8bitYCbCr11tile,36,21
no_name_set:putseparate8bitYCbCr11tile,35,23
no_name_set:isInRefBlackWhiteRange,32,1
no_name_set:initYCbCrConversion,44,14
no_name_set:initCIELabConversion,52,10
no_name_set:makebwmap,37,17
no_name_set:setupMap,37,13
no_name_set:checkcmap,45,16
no_name_set:cvtcmap,42,20
no_name_set:makecmap,33,18
no_name_set:buildMap,34,12
no_name_set:buildMap,33,12
no_name_set:makecmap,33,16
no_name_set:cvtcmap,41,18
no_name_set:checkcmap,45,16
no_name_set:setupMap,35,12
no_name_set:makebwmap,35,17
no_name_set:initCIELabConversion,52,10
no_name_set:initYCbCrConversion,44,14
no_name_set:isInRefBlackWhiteRange,32,1
no_name_set:putseparate8bitYCbCr11tile,36,20
no_name_set:putcontig8bitYCbCr11tile,37,18
no_name_set:putcontig8bitYCbCr12tile,35,19
no_name_set:putcontig8bitYCbCr21tile,34,17
no_name_set:putcontig8bitYCbCr22tile,32,19
no_name_set:putcontig8bitYCbCr41tile,34,19
no_name_set:putcontig8bitYCbCr42tile,33,19
no_name_set:putcontig8bitYCbCr44tile,32,19
no_name_set:putcontig8bitCIELab,37,18
no_name_set:putRGBUAseparate16bittile,38,16
no_name_set:putRGBAAseparate16bittile,37,17
no_name_set:putRGBseparate16bittile,37,18
no_name_set:putRGBUAseparate8bittile,37,16
no_name_set:putCMYKseparate8bittile,33,19
no_name_set:putRGBAAseparate8bittile,28,14
no_name_set:putRGBseparate8bittile,29,14
no_name_set:putRGBcontig8bitCMYKMaptile,34,18
no_name_set:putRGBcontig8bitCMYKtile,29,20
no_name_set:putRGBUAcontig16bittile,40,16
no_name_set:putRGBAAcontig16bittile,38,17
no_name_set:putRGBcontig16bittile,38,18
no_name_set:putRGBUAcontig8bittile,39,15
no_name_set:putRGBAAcontig8bittile,28,15
no_name_set:putRGBcontig8bittile,29,15
no_name_set:put4bitbwtile,42,20
no_name_set:put2bitbwtile,42,19
no_name_set:put1bitbwtile,41,20
no_name_set:put16bitbwtile,44,20
no_name_set:putagreytile,42,19
no_name_set:putgreytile,45,20
no_name_set:put1bitcmaptile,41,20
no_name_set:put2bitcmaptile,42,19
no_name_set:put4bitcmaptile,42,20
no_name_set:put8bitcmaptile,45,20
no_name_set:setorientation,26,8
no_name_set:isCCITTCompression,23,5
no_name_set:BuildMapBitdepth16To8,36,12
no_name_set:BuildMapUaToAa,31,12
no_name_set:PickSeparateCase,31,14
no_name_set:PickContigCase,29,17
no_name_set:gtStripSeparate,43,28
no_name_set:gtStripContig,40,26
no_name_set:gtTileSeparate,41,28
no_name_set:gtTileContig,39,28
no_name_set:TIFFRGBAImageEnd,64,6
no_name_set:TIFFRGBAImageGet,44,19
no_name_set:TIFFRGBAImageBegin,33,13
no_name_set:TIFFRGBAImageOK,27,12
no_name_set:TIFFReadRGBATileExt,41,28
no_name_set:TIFFReadRGBAStripExt,39,22
no_name_set:TIFFReadRGBATile,32,24
no_name_set:TIFFReadRGBAStrip,32,21
no_name_set:TIFFReadRGBAImageOriented,42,23
no_name_set:TIFFReadRGBAImage,32,26
no_name_set:TIFFInitJPEG,55,11
no_name_set:TIFFJPEGIsFullStripRequired,41,17
no_name_set:JPEGDecode,54,28
no_name_set:JPEGDecodeRaw,44,26
no_name_set:JPEGEncode,43,22
no_name_set:JPEGEncodeRaw,41,24
no_name_set:JPEGInitializeLibJPEG,48,21
no_name_set:DecodeRowError,48,5
no_name_set:TIFFjpeg_error_exit,57,7
no_name_set:TIFFjpeg_output_message,64,8
no_name_set:TIFFjpeg_progress_monitor,49,14
no_name_set:TIFFjpeg_create_compress,48,8
no_name_set:TIFFjpeg_create_decompress,48,8
no_name_set:TIFFjpeg_set_defaults,38,9
no_name_set:TIFFjpeg_set_colorspace,37,12
no_name_set:TIFFjpeg_set_quality,36,15
no_name_set:TIFFjpeg_suppress_tables,37,12
no_name_set:TIFFjpeg_start_compress,37,12
no_name_set:TIFFjpeg_write_scanlines,35,22
no_name_set:TIFFjpeg_write_raw_data,35,22
no_name_set:TIFFjpeg_finish_compress,38,9
no_name_set:TIFFjpeg_write_tables,38,9
no_name_set:TIFFjpeg_read_header,36,20
no_name_set:TIFFjpeg_has_multiple_scans,38,21
no_name_set:TIFFjpeg_start_decompress,44,11
no_name_set:TIFFjpeg_read_scanlines,35,22
no_name_set:TIFFjpeg_read_raw_data,35,22
no_name_set:TIFFjpeg_finish_decompress,37,18
no_name_set:TIFFjpeg_abort,38,9
no_name_set:TIFFjpeg_destroy,38,9
no_name_set:TIFFjpeg_alloc_sarray,44,18
no_name_set:std_init_destination,64,19
no_name_set:std_empty_output_buffer,60,21
no_name_set:std_term_destination,64,28
no_name_set:TIFFjpeg_data_dest,64,10
no_name_set:tables_init_destination,58,18
no_name_set:tables_empty_output_buffer,48,16
no_name_set:tables_term_destination,44,23
no_name_set:TIFFjpeg_tables_dest,53,7
no_name_set:std_init_source,64,19
no_name_set:std_fill_input_buffer,52,5
no_name_set:std_skip_input_data,64,42
no_name_set:TIFFjpeg_data_src,64,9
no_name_set:tables_init_source,58,18
no_name_set:TIFFjpeg_tables_src,64,11
no_name_set:alloc_downsampled_buffers,43,19
no_name_set:JPEGFixupTagsSubsampling,54,15
no_name_set:JPEGFixupTagsSubsamplingSec,25,11
no_name_set:JPEGFixupTagsSubsamplingReadByte,48,24
no_name_set:JPEGFixupTagsSubsamplingReadWord,27,12
no_name_set:JPEGFixupTagsSubsamplingSkip,48,21
no_name_set:JPEGFixupTags,36,9
no_name_set:JPEGSetupDecode,47,13
no_name_set:JPEGPreDecode,39,21
no_name_set:unsuppress_quant_table,54,17
no_name_set:suppress_quant_table,54,17
no_name_set:unsuppress_huff_table,56,16
no_name_set:suppress_huff_table,56,16
no_name_set:prepare_JPEGTables,36,18
no_name_set:JPEGSetupEncode,38,16
no_name_set:JPEGPreEncode,40,17
no_name_set:JPEGPostEncode,45,22
no_name_set:JPEGCleanup,56,11
no_name_set:JPEGResetUpsampled,45,23
no_name_set:JPEGVSetField,45,21
no_name_set:JPEGVGetField,46,19
no_name_set:JPEGPrintDir,59,24
no_name_set:JPEGDefaultStripSize,36,20
no_name_set:JPEGDefaultTileSize,33,21
no_name_set:JPEGDefaultTileSize,33,20
no_name_set:JPEGDefaultStripSize,36,20
no_name_set:JPEGPrintDir,58,25
no_name_set:JPEGVGetField,43,15
no_name_set:JPEGVSetField,43,19
no_name_set:JPEGResetUpsampled,45,23
no_name_set:JPEGCleanup,56,11
no_name_set:JPEGPostEncode,45,14
no_name_set:JPEGPreEncode,40,17
no_name_set:JPEGSetupEncode,38,16
no_name_set:prepare_JPEGTables,36,18
no_name_set:suppress_huff_table,56,15
no_name_set:unsuppress_huff_table,56,15
no_name_set:suppress_quant_table,54,16
no_name_set:unsuppress_quant_table,54,16
no_name_set:JPEGPreDecode,40,22
no_name_set:JPEGSetupDecode,46,13
no_name_set:JPEGFixupTags,36,9
no_name_set:JPEGFixupTagsSubsamplingSkip,47,22
no_name_set:JPEGFixupTagsSubsamplingReadWord,21,11
no_name_set:JPEGFixupTagsSubsamplingReadByte,48,24
no_name_set:JPEGFixupTagsSubsamplingSec,24,12
no_name_set:JPEGFixupTagsSubsampling,54,15
no_name_set:alloc_downsampled_buffers,44,17
no_name_set:TIFFjpeg_tables_src,64,11
no_name_set:tables_init_source,58,18
no_name_set:TIFFjpeg_data_src,64,9
no_name_set:std_skip_input_data,64,42
no_name_set:std_fill_input_buffer,52,5
no_name_set:std_init_source,64,19
no_name_set:TIFFjpeg_tables_dest,53,7
no_name_set:tables_term_destination,44,23
no_name_set:tables_empty_output_buffer,48,16
no_name_set:tables_init_destination,58,18
no_name_set:TIFFjpeg_data_dest,64,10
no_name_set:std_term_destination,64,28
no_name_set:std_empty_output_buffer,60,21
no_name_set:std_init_destination,64,19
no_name_set:TIFFjpeg_alloc_sarray,44,18
no_name_set:TIFFjpeg_destroy,38,9
no_name_set:TIFFjpeg_abort,38,9
no_name_set:TIFFjpeg_finish_decompress,37,18
no_name_set:TIFFjpeg_read_raw_data,35,22
no_name_set:TIFFjpeg_read_scanlines,35,22
no_name_set:TIFFjpeg_start_decompress,44,11
no_name_set:TIFFjpeg_has_multiple_scans,38,21
no_name_set:TIFFjpeg_read_header,36,20
no_name_set:TIFFjpeg_write_tables,38,9
no_name_set:TIFFjpeg_finish_compress,38,9
no_name_set:TIFFjpeg_write_raw_data,35,22
no_name_set:TIFFjpeg_write_scanlines,35,22
no_name_set:TIFFjpeg_start_compress,37,12
no_name_set:TIFFjpeg_suppress_tables,37,12
no_name_set:TIFFjpeg_set_quality,36,15
no_name_set:TIFFjpeg_set_colorspace,37,12
no_name_set:TIFFjpeg_set_defaults,38,9
no_name_set:TIFFjpeg_create_decompress,48,8
no_name_set:TIFFjpeg_create_compress,48,8
no_name_set:TIFFjpeg_progress_monitor,49,14
no_name_set:TIFFjpeg_output_message,64,8
no_name_set:TIFFjpeg_error_exit,57,7
no_name_set:DecodeRowError,48,5
no_name_set:JPEGInitializeLibJPEG,50,18
no_name_set:JPEGEncodeRaw,41,23
no_name_set:JPEGEncode,44,23
no_name_set:JPEGDecodeRaw,44,25
no_name_set:JPEGDecode,54,28
no_name_set:TIFFJPEGIsFullStripRequired,41,17
no_name_set:TIFFInitJPEG,55,11
no_name_set:LogL16toY,32,21
no_name_set:LogL10toY,32,16
no_name_set:XYZtoRGB24,35,4
no_name_set:uv_decode,38,18
no_name_set:LogLuv24toXYZ,36,16
no_name_set:LogLuv32toXYZ,37,16
no_name_set:LogL16fromY,32,12
no_name_set:LogL10fromY,32,12
no_name_set:uv_encode,36,13
no_name_set:LogLuv24fromXYZ,37,23
no_name_set:LogLuv32fromXYZ,34,11
no_name_set:TIFFInitSGILog,52,9
no_name_set:LogL16Decode,45,26
no_name_set:LogLuvDecode24,47,22
no_name_set:LogLuvDecode32,46,28
no_name_set:LogLuvDecodeStrip,48,30
no_name_set:LogLuvDecodeTile,48,30
no_name_set:LogL16Encode,47,33
no_name_set:LogLuvEncode24,49,27
no_name_set:LogLuvEncode32,49,36
no_name_set:LogLuvEncodeStrip,48,30
no_name_set:LogLuvEncodeTile,48,30
no_name_set:L16toY,56,23
no_name_set:L16toGry,46,17
no_name_set:L16fromY,54,22
no_name_set:oog_encode,42,22
no_name_set:Luv24toXYZ,60,26
no_name_set:Luv24toLuv48,41,19
no_name_set:Luv24toRGB,60,26
no_name_set:Luv24fromXYZ,58,24
no_name_set:Luv24fromLuv48,38,19
no_name_set:Luv32toXYZ,60,26
no_name_set:Luv32toLuv48,42,19
no_name_set:Luv32toRGB,60,26
no_name_set:Luv32fromXYZ,58,24
no_name_set:Luv32fromLuv48,36,20
no_name_set:LogL16GuessDataFmt,34,11
no_name_set:multiply_ms,64,50
no_name_set:LogL16InitState,48,22
no_name_set:LogLuvGuessDataFmt,34,10
no_name_set:LogLuvInitState,47,21
no_name_set:LogLuvFixupTags,32,1
no_name_set:LogLuvSetupDecode,41,14
no_name_set:LogLuvSetupEncode,38,14
no_name_set:LogLuvClose,35,8
no_name_set:LogLuvCleanup,59,8
no_name_set:LogLuvVSetField,43,16
no_name_set:LogLuvVGetField,44,18
no_name_set:LogLuvVGetField,44,14
no_name_set:LogLuvVSetField,41,17
no_name_set:LogLuvCleanup,59,8
no_name_set:LogLuvClose,35,8
no_name_set:LogLuvSetupEncode,37,14
no_name_set:LogLuvSetupDecode,39,14
no_name_set:LogLuvFixupTags,32,1
no_name_set:LogLuvInitState,47,20
no_name_set:LogLuvGuessDataFmt,32,11
no_name_set:LogL16InitState,47,20
no_name_set:multiply_ms,64,50
no_name_set:LogL16GuessDataFmt,33,10
no_name_set:Luv32fromLuv48,35,14
no_name_set:Luv32fromXYZ,58,24
no_name_set:Luv32toRGB,60,26
no_name_set:Luv32toLuv48,42,19
no_name_set:Luv32toXYZ,60,26
no_name_set:Luv24fromLuv48,38,20
no_name_set:Luv24fromXYZ,58,24
no_name_set:Luv24toRGB,60,26
no_name_set:Luv24toLuv48,39,18
no_name_set:Luv24toXYZ,60,26
no_name_set:oog_encode,38,20
no_name_set:L16fromY,54,22
no_name_set:L16toGry,41,16
no_name_set:L16toY,56,23
no_name_set:LogLuvEncodeTile,48,30
no_name_set:LogLuvEncodeStrip,48,30
no_name_set:LogLuvEncode32,49,33
no_name_set:LogLuvEncode24,50,27
no_name_set:LogL16Encode,47,31
no_name_set:LogLuvDecodeTile,48,30
no_name_set:LogLuvDecodeStrip,48,30
no_name_set:LogLuvDecode32,46,24
no_name_set:LogLuvDecode24,47,21
no_name_set:LogL16Decode,44,23
no_name_set:TIFFInitSGILog,52,9
no_name_set:LogLuv32fromXYZ,34,9
no_name_set:LogLuv24fromXYZ,37,19
no_name_set:uv_encode,36,13
no_name_set:LogL10fromY,32,12
no_name_set:LogL16fromY,32,12
no_name_set:LogLuv32toXYZ,37,16
no_name_set:LogLuv24toXYZ,37,18
no_name_set:uv_decode,38,18
no_name_set:XYZtoRGB24,27,2
no_name_set:LogL10toY,32,16
no_name_set:LogL16toY,32,21
no_name_set:TIFFInitLZMA,52,10
no_name_set:LZMAEncode,52,22
no_name_set:LZMADecode,51,25
no_name_set:LZMAFixupTags,32,1
no_name_set:LZMASetupDecode,40,15
no_name_set:LZMAPreDecode,51,18
no_name_set:LZMASetupEncode,40,15
no_name_set:LZMAPreEncode,51,17
no_name_set:LZMAPostEncode,55,24
no_name_set:LZMACleanup,54,11
no_name_set:LZMAVSetField,45,17
no_name_set:LZMAVGetField,44,19
no_name_set:LZMAVGetField,44,14
no_name_set:LZMAVSetField,44,16
no_name_set:LZMACleanup,54,11
no_name_set:LZMAPostEncode,53,18
no_name_set:LZMAPreEncode,51,17
no_name_set:LZMASetupEncode,40,15
no_name_set:LZMAPreDecode,51,18
no_name_set:LZMASetupDecode,40,15
no_name_set:LZMAFixupTags,32,1
no_name_set:LZMAStrerror,32,18
no_name_set:LZMADecode,51,25
no_name_set:LZMAEncode,52,22
no_name_set:TIFFInitLZMA,52,11
no_name_set:TIFFInitLZW,56,9
no_name_set:LZWDecode,52,33
no_name_set:LZWDecodeCompat,51,35
no_name_set:cl_hash,64,19
no_name_set:LZWFixupTags,32,1
no_name_set:LZWSetupDecode,49,10
no_name_set:LZWPreDecode,52,11
no_name_set:codeLoop,53,17
no_name_set:LZWSetupEncode,48,7
no_name_set:LZWPreEncode,55,10
no_name_set:LZWEncode,50,32
no_name_set:LZWPostEncode,50,33
no_name_set:LZWCleanup,56,9
no_name_set:LZWCleanup,56,9
no_name_set:LZWPostEncode,48,30
no_name_set:LZWEncode,48,30
no_name_set:LZWPreEncode,55,10
no_name_set:LZWSetupEncode,48,7
no_name_set:codeLoop,53,17
no_name_set:LZWPreDecode,52,9
no_name_set:LZWSetupDecode,49,10
no_name_set:LZWFixupTags,32,1
no_name_set:cl_hash,64,19
no_name_set:LZWDecodeCompat,51,33
no_name_set:LZWDecode,52,30
no_name_set:TIFFInitLZW,56,9
no_name_set:TIFFInitNeXT,57,8
no_name_set:NeXTDecode,43,22
no_name_set:NeXTPreDecode,36,6
no_name_set:NeXTPreDecode,36,6
no_name_set:NeXTDecode,41,22
no_name_set:TIFFInitNeXT,57,8
no_name_set:TIFFInitOJPEG,51,10
no_name_set:OJPEGVGetField,40,13
no_name_set:OJPEGVSetField,43,17
no_name_set:OJPEGPrintDir,51,25
no_name_set:OJPEGFixupTags,32,1
no_name_set:OJPEGSetupDecode,48,5
no_name_set:OJPEGPreDecode,42,18
no_name_set:OJPEGPreDecodeSkipRaw,37,18
no_name_set:OJPEGPreDecodeSkipScanlines,45,15
no_name_set:OJPEGDecode,40,15
no_name_set:OJPEGDecodeRaw,40,19
no_name_set:OJPEGDecodeScanlines,51,25
no_name_set:OJPEGPostDecode,40,14
no_name_set:OJPEGSetupEncode,48,5
no_name_set:OJPEGPreEncode,48,5
no_name_set:OJPEGEncode,48,5
no_name_set:OJPEGPostEncode,48,5
no_name_set:OJPEGCleanup,58,8
no_name_set:OJPEGSubsamplingCorrect,26,7
no_name_set:OJPEGReadHeaderInfo,41,17
no_name_set:OJPEGReadSecondarySos,41,14
no_name_set:OJPEGWriteHeaderInfo,43,19
no_name_set:OJPEGLibjpegSessionAbort,40,8
no_name_set:OJPEGReadHeaderInfoSec,36,16
no_name_set:OJPEGReadHeaderInfoSecStreamDri,36,11
no_name_set:OJPEGReadHeaderInfoSecStreamDqt,32,9
no_name_set:OJPEGReadHeaderInfoSecStreamDht,35,9
no_name_set:OJPEGReadHeaderInfoSecStreamSof,28,12
no_name_set:OJPEGReadHeaderInfoSecStreamSos,30,9
no_name_set:OJPEGReadHeaderInfoSecTablesQTable,46,14
no_name_set:OJPEGReadHeaderInfoSecTablesDcTable,43,14
no_name_set:OJPEGReadHeaderInfoSecTablesAcTable,41,13
no_name_set:OJPEGReadBufferFill,51,25
no_name_set:OJPEGReadByte,30,10
no_name_set:OJPEGReadBytePeek,31,10
no_name_set:OJPEGReadByteAdvance,36,10
no_name_set:OJPEGReadWord,26,12
no_name_set:OJPEGReadBlock,29,13
no_name_set:OJPEGReadSkip,40,21
no_name_set:OJPEGWriteStream,29,9
no_name_set:OJPEGWriteStreamSoi,40,11
no_name_set:OJPEGWriteStreamQTable,50,14
no_name_set:OJPEGWriteStreamDcTable,50,14
no_name_set:OJPEGWriteStreamAcTable,50,14
no_name_set:OJPEGWriteStreamDri,36,9
no_name_set:OJPEGWriteStreamSof,36,9
no_name_set:OJPEGWriteStreamSos,35,9
no_name_set:OJPEGWriteStreamCompressed,42,14
no_name_set:OJPEGWriteStreamRst,31,6
no_name_set:OJPEGWriteStreamEoi,40,6
no_name_set:jpeg_create_decompress_encap,41,8
no_name_set:jpeg_read_header_encap,33,8
no_name_set:jpeg_start_decompress_encap,38,8
no_name_set:jpeg_read_scanlines_encap,37,12
no_name_set:jpeg_read_raw_data_encap,37,12
no_name_set:jpeg_encap_unwind,53,5
no_name_set:OJPEGLibjpegJpegErrorMgrOutputMessage,64,7
no_name_set:OJPEGLibjpegJpegErrorMgrErrorExit,64,7
no_name_set:OJPEGLibjpegJpegSourceMgrFillInputBuffer,49,13
no_name_set:OJPEGLibjpegJpegSourceMgrSkipInputData,64,7
no_name_set:OJPEGLibjpegJpegSourceMgrResyncToRestart,53,5
no_name_set:OJPEGLibjpegJpegSourceMgrResyncToRestart,53,5
no_name_set:OJPEGLibjpegJpegSourceMgrSkipInputData,64,7
no_name_set:OJPEGLibjpegJpegSourceMgrFillInputBuffer,49,13
no_name_set:OJPEGLibjpegJpegErrorMgrErrorExit,64,7
no_name_set:OJPEGLibjpegJpegErrorMgrOutputMessage,64,7
no_name_set:jpeg_encap_unwind,53,5
no_name_set:jpeg_read_raw_data_encap,37,12
no_name_set:jpeg_read_scanlines_encap,37,12
no_name_set:jpeg_start_decompress_encap,38,8
no_name_set:jpeg_read_header_encap,33,8
no_name_set:jpeg_create_decompress_encap,41,8
no_name_set:OJPEGWriteStreamEoi,40,8
no_name_set:OJPEGWriteStreamRst,29,7
no_name_set:OJPEGWriteStreamCompressed,41,13
no_name_set:OJPEGWriteStreamSos,35,8
no_name_set:OJPEGWriteStreamSof,35,9
no_name_set:OJPEGWriteStreamDri,36,10
no_name_set:OJPEGWriteStreamAcTable,46,16
no_name_set:OJPEGWriteStreamDcTable,46,16
no_name_set:OJPEGWriteStreamQTable,46,16
no_name_set:OJPEGWriteStreamSoi,40,12
no_name_set:OJPEGWriteStream,29,9
no_name_set:OJPEGReadSkip,43,23
no_name_set:OJPEGReadBlock,28,12
no_name_set:OJPEGReadWord,20,11
no_name_set:OJPEGReadByteAdvance,36,10
no_name_set:OJPEGReadBytePeek,31,10
no_name_set:OJPEGReadByte,30,10
no_name_set:OJPEGReadBufferFill,50,25
no_name_set:OJPEGReadHeaderInfoSecTablesAcTable,38,14
no_name_set:OJPEGReadHeaderInfoSecTablesDcTable,40,14
no_name_set:OJPEGReadHeaderInfoSecTablesQTable,46,14
no_name_set:OJPEGReadHeaderInfoSecStreamSos,30,9
no_name_set:OJPEGReadHeaderInfoSecStreamSof,27,13
no_name_set:OJPEGReadHeaderInfoSecStreamDht,34,8
no_name_set:OJPEGReadHeaderInfoSecStreamDqt,31,8
no_name_set:OJPEGReadHeaderInfoSecStreamDri,36,11
no_name_set:OJPEGReadHeaderInfoSec,36,16
no_name_set:OJPEGLibjpegSessionAbort,40,8
no_name_set:OJPEGWriteHeaderInfo,43,18
no_name_set:OJPEGReadSecondarySos,40,14
no_name_set:OJPEGReadHeaderInfo,41,17
no_name_set:OJPEGSubsamplingCorrect,26,7
no_name_set:OJPEGCleanup,59,9
no_name_set:OJPEGPostEncode,48,5
no_name_set:OJPEGEncode,48,5
no_name_set:OJPEGPreEncode,48,5
no_name_set:OJPEGSetupEncode,48,5
no_name_set:OJPEGPostDecode,40,14
no_name_set:OJPEGDecodeScanlines,50,24
no_name_set:OJPEGDecodeRaw,39,18
no_name_set:OJPEGDecode,40,15
no_name_set:OJPEGPreDecodeSkipScanlines,45,15
no_name_set:OJPEGPreDecodeSkipRaw,37,17
no_name_set:OJPEGPreDecode,43,18
no_name_set:OJPEGSetupDecode,48,5
no_name_set:OJPEGFixupTags,32,1
no_name_set:OJPEGPrintDir,51,25
no_name_set:OJPEGVSetField,42,19
no_name_set:OJPEGVGetField,41,14
no_name_set:TIFFInitOJPEG,51,10
no_name_set:TIFFFileno,48,18
no_name_set:TIFFSetFileno,42,22
no_name_set:TIFFClientdata,64,10
no_name_set:TIFFSetClientdata,64,10
no_name_set:TIFFGetMode,48,18
no_name_set:TIFFSetMode,42,22
no_name_set:TIFFIsTiled,36,10
no_name_set:TIFFIsByteSwapped,36,10
no_name_set:TIFFIsUpSampled,36,11
no_name_set:TIFFIsMSB2LSB,36,9
no_name_set:TIFFIsBigEndian,32,7
no_name_set:TIFFGetReadProc,64,10
no_name_set:TIFFGetWriteProc,64,10
no_name_set:TIFFGetSeekProc,64,10
no_name_set:TIFFGetCloseProc,64,10
no_name_set:TIFFGetSizeProc,64,10
no_name_set:TIFFGetMapFileProc,64,10
no_name_set:TIFFGetUnmapFileProc,64,10
no_name_set:TIFFCurrentRow,48,21
no_name_set:TIFFCurrentDirectory,40,13
no_name_set:TIFFCurrentStrip,48,21
no_name_set:TIFFCurrentTile,48,21
no_name_set:TIFFClientOpen,39,21
no_name_set:_TIFFgetMode,26,5
no_name_set:_tiffDummyMapProc,32,1
no_name_set:_tiffDummyMapProc,32,1
no_name_set:_TIFFgetMode,22,5
no_name_set:TIFFClientOpen,39,21
no_name_set:TIFFCurrentTile,48,21
no_name_set:TIFFCurrentStrip,48,21
no_name_set:TIFFCurrentDirectory,40,13
no_name_set:TIFFCurrentRow,48,21
no_name_set:TIFFGetUnmapFileProc,64,10
no_name_set:TIFFGetMapFileProc,64,10
no_name_set:TIFFGetSizeProc,64,10
no_name_set:TIFFGetCloseProc,64,10
no_name_set:TIFFGetSeekProc,64,10
no_name_set:TIFFGetWriteProc,64,10
no_name_set:TIFFGetReadProc,64,10
no_name_set:TIFFIsBigEndian,32,7
no_name_set:TIFFIsMSB2LSB,36,9
no_name_set:TIFFIsUpSampled,36,11
no_name_set:TIFFIsByteSwapped,36,10
no_name_set:TIFFIsTiled,36,10
no_name_set:TIFFSetMode,42,22
no_name_set:TIFFGetMode,48,18
no_name_set:TIFFSetClientdata,64,10
no_name_set:TIFFClientdata,64,10
no_name_set:TIFFSetFileno,42,22
no_name_set:TIFFFileno,48,18
no_name_set:TIFFInitPackBits,60,9
no_name_set:PackBitsPreEncode,45,18
no_name_set:PackBitsPostEncode,48,5
no_name_set:PackBitsEncode,42,25
no_name_set:PackBitsEncodeChunk,48,29
no_name_set:PackBitsDecode,55,26
no_name_set:PackBitsDecode,56,28
no_name_set:PackBitsEncodeChunk,48,29
no_name_set:PackBitsEncode,41,26
no_name_set:PackBitsPostEncode,48,5
no_name_set:PackBitsPreEncode,45,18
no_name_set:TIFFInitPackBits,60,9
no_name_set:TIFFInitPixarLog,55,10
no_name_set:horizontalAccumulateF,40,20
no_name_set:horizontalAccumulate12,34,16
no_name_set:horizontalAccumulate16,37,20
no_name_set:horizontalAccumulate11,29,19
no_name_set:horizontalAccumulate8,33,18
no_name_set:horizontalAccumulate8abgr,33,18
no_name_set:PixarLogMakeTables,46,15
no_name_set:PixarLogEncode,50,26
no_name_set:PixarLogDecode,48,27
no_name_set:PixarLogGuessDataFmt,30,5
no_name_set:multiply_ms,64,50
no_name_set:add_ms,64,50
no_name_set:PixarLogFixupTags,32,1
no_name_set:PixarLogSetupDecode,47,18
no_name_set:PixarLogPreDecode,50,16
no_name_set:PixarLogSetupEncode,46,17
no_name_set:PixarLogPreEncode,51,15
no_name_set:horizontalDifferenceF,38,15
no_name_set:horizontalDifference16,35,21
no_name_set:horizontalDifference8,36,13
no_name_set:PixarLogPostEncode,52,17
no_name_set:PixarLogClose,40,10
no_name_set:PixarLogCleanup,54,11
no_name_set:PixarLogVSetField,45,18
no_name_set:PixarLogVGetField,44,19
no_name_set:PixarLogVGetField,43,15
no_name_set:PixarLogVSetField,43,18
no_name_set:PixarLogCleanup,54,11
no_name_set:PixarLogClose,40,10
no_name_set:PixarLogPostEncode,51,16
no_name_set:horizontalDifference8,35,13
no_name_set:horizontalDifference16,34,21
no_name_set:horizontalDifferenceF,36,15
no_name_set:PixarLogPreEncode,51,15
no_name_set:PixarLogSetupEncode,46,17
no_name_set:PixarLogPreDecode,50,16
no_name_set:PixarLogSetupDecode,46,18
no_name_set:PixarLogFixupTags,32,1
no_name_set:add_ms,64,50
no_name_set:multiply_ms,64,50
no_name_set:PixarLogGuessDataFmt,30,8
no_name_set:PixarLogDecode,46,24
no_name_set:PixarLogEncode,47,20
no_name_set:PixarLogMakeTables,45,16
no_name_set:horizontalAccumulate8abgr,33,18
no_name_set:horizontalAccumulate8,33,18
no_name_set:horizontalAccumulate11,28,18
no_name_set:horizontalAccumulate16,37,20
no_name_set:horizontalAccumulate12,33,16
no_name_set:horizontalAccumulateF,40,20
no_name_set:TIFFInitPixarLog,55,10
no_name_set:TIFFPredictorInit,54,8
no_name_set:TIFFPredictorCleanup,59,8
no_name_set:horAcc8,31,18
no_name_set:horAcc16,37,23
no_name_set:horAcc32,48,33
no_name_set:swabHorAcc16,56,40
no_name_set:swabHorAcc32,56,40
no_name_set:horDiff8,32,14
no_name_set:horDiff16,38,23
no_name_set:horDiff32,48,34
no_name_set:swabHorDiff16,45,23
no_name_set:swabHorDiff32,45,23
no_name_set:fpAcc,37,21
no_name_set:fpDiff,37,21
no_name_set:PredictorDecodeRow,41,18
no_name_set:PredictorDecodeTile,48,22
no_name_set:PredictorEncodeRow,41,19
no_name_set:PredictorEncodeTile,50,27
no_name_set:PredictorSetup,37,14
no_name_set:PredictorSetupDecode,45,13
no_name_set:PredictorSetupEncode,46,11
no_name_set:PredictorVSetField,42,21
no_name_set:PredictorVGetField,37,16
no_name_set:PredictorPrintDir,58,26
no_name_set:PredictorPrintDir,51,22
no_name_set:PredictorVGetField,40,13
no_name_set:PredictorVSetField,41,19
no_name_set:PredictorSetupEncode,42,10
no_name_set:PredictorSetupDecode,41,11
no_name_set:PredictorSetup,37,14
no_name_set:PredictorEncodeTile,50,27
no_name_set:PredictorEncodeRow,41,19
no_name_set:PredictorDecodeTile,48,22
no_name_set:PredictorDecodeRow,41,18
no_name_set:fpDiff,40,26
no_name_set:fpAcc,40,26
no_name_set:swabHorDiff32,45,30
no_name_set:swabHorDiff16,44,29
no_name_set:horDiff32,48,31
no_name_set:horDiff16,43,26
no_name_set:horDiff8,31,18
no_name_set:swabHorAcc32,49,39
no_name_set:swabHorAcc16,50,41
no_name_set:horAcc32,48,31
no_name_set:horAcc16,42,26
no_name_set:horAcc8,32,20
no_name_set:TIFFPredictorCleanup,59,8
no_name_set:TIFFPredictorInit,54,8
no_name_set:TIFFPrintDirectory,46,27
no_name_set:_TIFFprintAsciiBounded,37,14
no_name_set:_TIFFPrintField,45,22
no_name_set:_TIFFPrettyPrintField,38,16
no_name_set:_TIFFPrettyPrintField,37,15
no_name_set:_TIFFPrintField,41,19
no_name_set:_TIFFprintAsciiBounded,36,13
no_name_set:TIFFPrintDirectory,46,26
no_name_set:TIFFReadBufferSetup,46,26
no_name_set:TIFFReadBufferSetup,46,26
no_name_set:TIFFReadScanline,41,21
no_name_set:TIFFReadTile,38,28
no_name_set:TIFFReadEncodedStrip,41,25
no_name_set:TIFFReadRawStrip,54,29
no_name_set:TIFFReadRawStrip,54,29
no_name_set:TIFFReadEncodedTile,43,23
no_name_set:TIFFReadRawTile,52,30
no_name_set:_TIFFSwab16BitData,59,29
no_name_set:_TIFFSwab24BitData,58,34
no_name_set:_TIFFSwab32BitData,59,29
no_name_set:_TIFFSwab64BitData,59,30
no_name_set:_TIFFReadEncodedStripAndAllocBuffer,52,35
no_name_set:_TIFFReadEncodedTileAndAllocBuffer,50,29
no_name_set:_TIFFReadTileAndAllocBuffer,40,31
no_name_set:TIFFFillStrip,48,33
no_name_set:TIFFFillStrip,47,31
no_name_set:TIFFFillTile,48,32
no_name_set:TIFFFillTile,47,30
no_name_set:TIFFStartStrip,45,22
no_name_set:TIFFStartTile,43,23
no_name_set:TIFFCheckRead,39,12
no_name_set:TIFFReadRawStrip1,55,34
no_name_set:TIFFReadRawTile1,54,33
no_name_set:TIFFReadAndRealloc,57,40
no_name_set:TIFFReadAndRealloc,56,39
no_name_set:TIFFFillStripPartial,51,37
no_name_set:TIFFSeek,42,21
no_name_set:TIFFReadEncodedStripGetStripSize,41,23
no_name_set:TIFFReadRawStripOrTile2,48,24
no_name_set:TIFFReadRawStripOrTile2,48,24
no_name_set:TIFFReadEncodedStripGetStripSize,41,23
no_name_set:TIFFSeek,42,21
no_name_set:TIFFFillStripPartial,51,37
no_name_set:TIFFReadAndRealloc,56,38
no_name_set:TIFFReadRawTile1,53,32
no_name_set:TIFFReadRawStrip1,55,33
no_name_set:TIFFCheckRead,39,12
no_name_set:TIFFStartTile,43,23
no_name_set:TIFFStartStrip,45,22
no_name_set:TIFFFillTile,47,28
no_name_set:TIFFFillStrip,48,29
no_name_set:_TIFFReadTileAndAllocBuffer,40,31
no_name_set:_TIFFReadEncodedTileAndAllocBuffer,50,29
no_name_set:_TIFFReadEncodedStripAndAllocBuffer,52,35
no_name_set:_TIFFSwab64BitData,53,33
no_name_set:_TIFFSwab32BitData,53,33
no_name_set:_TIFFSwab24BitData,58,34
no_name_set:_TIFFSwab16BitData,54,33
no_name_set:TIFFReadRawTile,52,30
no_name_set:TIFFReadEncodedTile,43,23
no_name_set:TIFFReadRawStrip,54,29
no_name_set:TIFFReadEncodedStrip,41,25
no_name_set:TIFFReadTile,38,28
no_name_set:TIFFReadScanline,41,21
no_name_set:TIFFReadBufferSetup,46,26
no_name_set:TIFFScanlineSize64,43,24
no_name_set:TIFFRasterScanlineSize64,54,33
no_name_set:TIFFStripSize64,48,29
no_name_set:TIFFRawStripSize64,61,25
no_name_set:TIFFRawStripSize,58,16
no_name_set:TIFFVStripSize64,40,23
no_name_set:TIFFDefaultStripSize,42,24
no_name_set:TIFFComputeStrip,40,18
no_name_set:TIFFNumberOfStrips,36,20
no_name_set:_TIFFDefaultStripSize,51,30
no_name_set:_TIFFDefaultStripSize,48,28
no_name_set:TIFFNumberOfStrips,36,20
no_name_set:TIFFComputeStrip,40,18
no_name_set:TIFFDefaultStripSize,42,24
no_name_set:TIFFVStripSize64,41,24
no_name_set:TIFFRawStripSize,58,16
no_name_set:TIFFRawStripSize64,61,25
no_name_set:TIFFStripSize64,48,29
no_name_set:TIFFRasterScanlineSize64,54,33
no_name_set:TIFFScanlineSize64,43,25
no_name_set:TIFFSwabShort,26,5
no_name_set:TIFFSwabLong,32,5
no_name_set:TIFFSwabLong8,34,5
no_name_set:TIFFSwabFloat,32,5
no_name_set:TIFFSwabDouble,34,5
no_name_set:TIFFSwabArrayOfShort,51,23
no_name_set:TIFFSwabArrayOfTriples,51,23
no_name_set:TIFFSwabArrayOfLong,46,18
no_name_set:TIFFSwabArrayOfLong8,42,13
no_name_set:TIFFSwabArrayOfFloat,46,18
no_name_set:TIFFSwabArrayOfDouble,42,13
no_name_set:TIFFReverseBits,40,13
no_name_set:TIFFGetBitRevTable,32,16
no_name_set:TIFFGetBitRevTable,32,16
no_name_set:TIFFReverseBits,40,13
no_name_set:TIFFSwabArrayOfDouble,42,13
no_name_set:TIFFSwabArrayOfFloat,46,18
no_name_set:TIFFSwabArrayOfLong8,42,13
no_name_set:TIFFSwabArrayOfLong,46,18
no_name_set:TIFFSwabArrayOfTriples,51,23
no_name_set:TIFFSwabArrayOfShort,51,23
no_name_set:TIFFSwabDouble,34,5
no_name_set:TIFFSwabFloat,32,5
no_name_set:TIFFSwabLong8,34,5
no_name_set:TIFFSwabLong,32,5
no_name_set:TIFFSwabShort,26,5
no_name_set:TIFFInitThunderScan,56,7
no_name_set:ThunderSetupDecode,36,6
no_name_set:ThunderDecode,37,24
no_name_set:ThunderDecodeRow,54,31
no_name_set:ThunderDecodeRow,54,31
no_name_set:ThunderDecode,36,23
no_name_set:ThunderSetupDecode,36,6
no_name_set:TIFFInitThunderScan,56,7
no_name_set:TIFFTileRowSize64,51,26
no_name_set:TIFFTileSize64,53,34
no_name_set:TIFFVTileSize64,40,23
no_name_set:TIFFDefaultTileSize,64,10
no_name_set:TIFFComputeTile,34,27
no_name_set:TIFFCheckTile,43,21
no_name_set:TIFFNumberOfTiles,36,25
no_name_set:_TIFFDefaultTileSize,32,25
no_name_set:_TIFFDefaultTileSize,32,24
no_name_set:TIFFNumberOfTiles,36,25
no_name_set:TIFFCheckTile,43,21
no_name_set:TIFFComputeTile,34,27
no_name_set:TIFFDefaultTileSize,64,10
no_name_set:TIFFVTileSize64,41,24
no_name_set:TIFFTileSize64,53,34
no_name_set:TIFFTileRowSize64,51,26
no_name_set:TIFFWriteBufferSetup,46,23
no_name_set:TIFFSetupStrips,48,25
no_name_set:TIFFWriteCheck,48,23
no_name_set:TIFFWriteScanline,41,22
no_name_set:TIFFWriteTile,40,30
no_name_set:TIFFWriteEncodedStrip,43,25
no_name_set:TIFFWriteRawStrip,41,22
no_name_set:TIFFWriteEncodedTile,44,27
no_name_set:TIFFWriteRawTile,46,23
no_name_set:TIFFSetWriteOffset,64,37
no_name_set:TIFFFlushData1,42,20
no_name_set:TIFFGrowStrips,48,22
no_name_set:TIFFAppendToStrip,52,33
no_name_set:TIFFAppendToStrip,52,32
no_name_set:TIFFGrowStrips,46,21
no_name_set:TIFFFlushData1,42,20
no_name_set:TIFFSetWriteOffset,64,37
no_name_set:TIFFWriteRawTile,46,23
no_name_set:TIFFWriteEncodedTile,44,26
no_name_set:TIFFWriteRawStrip,41,22
no_name_set:TIFFWriteEncodedStrip,43,25
no_name_set:TIFFWriteTile,40,30
no_name_set:TIFFWriteScanline,41,22
no_name_set:TIFFWriteCheck,48,23
no_name_set:TIFFSetupStrips,47,25
no_name_set:TIFFWriteBufferSetup,46,23
no_name_set:TIFFInitZIP,55,9
no_name_set:ZIPEncode,48,17
no_name_set:ZIPDecode,48,19
no_name_set:ZIPFixupTags,32,1
no_name_set:ZIPSetupDecode,40,15
no_name_set:ZIPPreDecode,49,17
no_name_set:ZIPSetupEncode,42,14
no_name_set:ZIPPreEncode,50,15
no_name_set:ZIPPostEncode,52,17
no_name_set:ZIPCleanup,48,12
no_name_set:ZIPVSetField,45,17
no_name_set:ZIPVGetField,44,19
no_name_set:ZIPVGetField,44,14
no_name_set:ZIPVSetField,43,16
no_name_set:ZIPCleanup,48,12
no_name_set:ZIPPostEncode,51,16
no_name_set:ZIPPreEncode,50,15
no_name_set:ZIPSetupEncode,42,14
no_name_set:ZIPPreDecode,49,17
no_name_set:ZIPSetupDecode,40,15
no_name_set:ZIPFixupTags,32,1
no_name_set:ZIPDecode,48,19
no_name_set:ZIPEncode,48,17
no_name_set:TIFFInitZIP,55,9
no_name_set:TIFFInitZSTD,56,9
no_name_set:ZSTDEncode,54,23
no_name_set:ZSTDDecode,55,33
no_name_set:ZSTDFixupTags,32,1
no_name_set:ZSTDSetupDecode,40,15
no_name_set:ZSTDPreDecode,45,15
no_name_set:ZSTDSetupEncode,40,15
no_name_set:ZSTDPreEncode,51,14
no_name_set:ZSTDPostEncode,54,18
no_name_set:ZSTDCleanup,60,9
no_name_set:ZSTDVSetField,42,19
no_name_set:ZSTDVGetField,44,19
no_name_set:ZSTDVGetField,44,14
no_name_set:ZSTDVSetField,42,17
no_name_set:ZSTDCleanup,60,9
no_name_set:ZSTDPostEncode,54,18
no_name_set:ZSTDPreEncode,51,14
no_name_set:ZSTDSetupEncode,40,15
no_name_set:ZSTDPreDecode,45,15
no_name_set:ZSTDSetupDecode,40,15
no_name_set:ZSTDFixupTags,32,1
no_name_set:ZSTDDecode,55,33
no_name_set:ZSTDEncode,54,23
no_name_set:TIFFInitZSTD,56,9
no_name_set:_TIFFmalloc,64,43
no_name_set:_TIFFcalloc,64,51
no_name_set:TIFFOpen,32,19
no_name_set:TIFFFdOpen,48,18
no_name_set:_tiffReadProc,62,48
no_name_set:_tiffWriteProc,62,48
no_name_set:_tiffSeekProc,53,48
no_name_set:_tiffCloseProc,32,16
no_name_set:_tiffSizeProc,50,24
no_name_set:_tiffMapProc,42,11
no_name_set:_tiffMapProc,42,11
no_name_set:_tiffSizeProc,50,24
no_name_set:_tiffCloseProc,32,16
no_name_set:_tiffSeekProc,53,48
no_name_set:_tiffWriteProc,62,47
no_name_set:_tiffReadProc,62,47
no_name_set:TIFFFdOpen,48,18
no_name_set:TIFFOpen,32,19
no_name_set:_TIFFcalloc,64,51
no_name_set:_TIFFmalloc,64,43
