no_name_set:adler32,56,48
no_name_set:adler32_z,54,37
no_name_set:adler32_combine_,62,46
no_name_set:adler32_combine_,62,45
no_name_set:adler32_z,54,35
no_name_set:adler32,56,48
no_name_set:crc32,56,48
no_name_set:crc32_z,64,51
no_name_set:crc32_little,44,24
no_name_set:crc32_big,43,23
no_name_set:gf2_matrix_times,61,43
no_name_set:gf2_matrix_square,48,16
no_name_set:crc32_combine_,59,37
no_name_set:crc32_combine_,58,36
no_name_set:gf2_matrix_square,48,16
no_name_set:gf2_matrix_times,61,43
no_name_set:crc32_big,44,23
no_name_set:crc32_little,44,24
no_name_set:crc32_z,64,51
no_name_set:crc32,56,48
no_name_set:deflate,49,39
no_name_set:deflateEnd,49,8
no_name_set:deflateSetDictionary,44,21
no_name_set:deflateGetDictionary,47,19
no_name_set:deflateCopy,52,20
no_name_set:deflateReset,42,13
no_name_set:deflateParams,45,16
no_name_set:deflateTune,42,18
no_name_set:deflateBound,53,30
no_name_set:deflatePending,42,14
no_name_set:deflatePrime,36,19
no_name_set:deflateSetHeader,40,10
no_name_set:deflateInit_,32,17
no_name_set:deflateInit2_,43,17
no_name_set:deflateResetKeep,48,14
no_name_set:deflateStateCheck,40,7
no_name_set:slide_hash,41,20
no_name_set:fill_window,45,28
no_name_set:deflate_stored,47,31
no_name_set:deflate_fast,41,24
no_name_set:deflate_slow,41,25
no_name_set:deflate_rle,41,23
no_name_set:deflate_huff,46,27
no_name_set:lm_init,51,17
no_name_set:putShortMSB,47,31
no_name_set:flush_pending,52,29
no_name_set:read_buf,50,30
no_name_set:longest_match,34,18
no_name_set:longest_match,34,17
no_name_set:read_buf,50,30
no_name_set:flush_pending,52,29
no_name_set:putShortMSB,49,32
no_name_set:lm_init,49,15
no_name_set:deflate_huff,46,27
no_name_set:deflate_rle,41,22
no_name_set:deflate_slow,41,25
no_name_set:deflate_fast,40,24
no_name_set:deflate_stored,45,29
no_name_set:fill_window,44,28
no_name_set:slide_hash,37,18
no_name_set:deflateStateCheck,40,7
no_name_set:deflateResetKeep,48,14
no_name_set:deflateInit2_,43,16
no_name_set:deflateInit_,32,17
no_name_set:deflateSetHeader,40,10
no_name_set:deflatePrime,33,18
no_name_set:deflatePending,42,14
no_name_set:deflateBound,53,30
no_name_set:deflateTune,42,18
no_name_set:deflateParams,44,16
no_name_set:deflateReset,42,13
no_name_set:deflateCopy,52,18
no_name_set:deflateGetDictionary,47,19
no_name_set:deflateSetDictionary,44,22
no_name_set:deflateEnd,49,8
no_name_set:deflate,47,38
no_name_set:inflateBack,38,25
no_name_set:inflateBackEnd,48,4
no_name_set:inflateBackInit_,40,9
no_name_set:fixedtables,53,5
no_name_set:fixedtables,53,5
no_name_set:inflateBackInit_,40,9
no_name_set:inflateBackEnd,48,4
no_name_set:inflateBack,38,26
no_name_set:inflate_fast,42,29
no_name_set:inflate_fast,41,28
no_name_set:inflate,40,29
no_name_set:inflateEnd,45,8
no_name_set:inflateSetDictionary,44,19
no_name_set:inflateGetDictionary,46,20
no_name_set:inflateSync,43,25
no_name_set:inflateCopy,53,26
no_name_set:inflateReset,44,12
no_name_set:inflateReset2,37,15
no_name_set:inflatePrime,46,25
no_name_set:inflateMark,48,28
no_name_set:inflateGetHeader,43,11
no_name_set:inflateInit_,32,22
no_name_set:inflateInit2_,39,11
no_name_set:inflateSyncPoint,40,11
no_name_set:inflateUndermine,40,7
no_name_set:inflateValidate,36,16
no_name_set:inflateCodesUsed,58,28
no_name_set:inflateResetKeep,52,10
no_name_set:inflateStateCheck,44,8
no_name_set:fixedtables,53,5
no_name_set:updatewindow,43,23
no_name_set:syncsearch,31,12
no_name_set:syncsearch,31,12
no_name_set:updatewindow,43,23
no_name_set:fixedtables,53,5
no_name_set:inflateStateCheck,44,8
no_name_set:inflateResetKeep,52,10
no_name_set:inflateCodesUsed,55,28
no_name_set:inflateValidate,36,16
no_name_set:inflateUndermine,40,7
no_name_set:inflateSyncPoint,40,11
no_name_set:inflateInit2_,39,11
no_name_set:inflateInit_,32,22
no_name_set:inflateGetHeader,43,11
no_name_set:inflateMark,48,23
no_name_set:inflatePrime,42,22
no_name_set:inflateReset2,37,15
no_name_set:inflateReset,44,12
no_name_set:inflateCopy,55,35
no_name_set:inflateSync,43,25
no_name_set:inflateGetDictionary,46,20
no_name_set:inflateSetDictionary,44,19
no_name_set:inflateEnd,45,8
no_name_set:inflate,40,29
no_name_set:inflate_table,38,21
no_name_set:inflate_table,37,21
no_name_set:_tr_init,57,10
no_name_set:_tr_tally,39,16
no_name_set:_tr_flush_block,39,26
no_name_set:_tr_align,35,24
no_name_set:_tr_stored_block,39,28
no_name_set:init_block,48,7
no_name_set:pqdownheap,45,26
no_name_set:gen_bitlen,43,25
no_name_set:gen_codes,37,13
no_name_set:build_tree,42,22
no_name_set:scan_tree,35,16
no_name_set:send_tree,33,25
no_name_set:build_bl_tree,51,21
no_name_set:send_all_trees,34,24
no_name_set:compress_block,34,24
no_name_set:detect_data_type,44,10
no_name_set:bi_reverse,32,22
no_name_set:bi_windup,43,27
no_name_set:bi_flush,40,25
no_name_set:bi_flush,41,26
no_name_set:bi_windup,44,28
no_name_set:bi_reverse,32,21
no_name_set:detect_data_type,44,10
no_name_set:compress_block,33,24
no_name_set:send_all_trees,33,23
no_name_set:build_bl_tree,51,21
no_name_set:send_tree,33,25
no_name_set:scan_tree,35,16
no_name_set:build_tree,42,22
no_name_set:gen_codes,37,13
no_name_set:gen_bitlen,43,25
no_name_set:pqdownheap,43,20
no_name_set:init_block,48,7
no_name_set:_tr_stored_block,40,30
no_name_set:_tr_align,36,24
no_name_set:_tr_flush_block,39,26
no_name_set:_tr_tally,38,16
no_name_set:_tr_init,57,10
no_name_set:zlibCompileFlags,64,8
no_name_set:zError,48,23
no_name_set:zcalloc,40,32
no_name_set:zcalloc,40,32
no_name_set:zError,48,22
no_name_set:zlibCompileFlags,64,8
no_name_set:compress,42,32
no_name_set:compress2,49,29
no_name_set:compressBound,56,39
no_name_set:compressBound,56,39
no_name_set:compress2,49,29
no_name_set:compress,42,32
no_name_set:uncompress2,51,33
no_name_set:uncompress2,51,33
no_name_set:gzclose,36,21
no_name_set:gzclose,36,21
no_name_set:gzdopen,42,12
no_name_set:gzbuffer,38,13
no_name_set:gzrewind,46,17
no_name_set:gzeof,40,17
no_name_set:gzerror,42,16
no_name_set:gzclearerr,45,11
no_name_set:gzopen64,32,1
no_name_set:gzseek64,52,34
no_name_set:gztell64,54,27
no_name_set:gzoffset64,50,25
no_name_set:gzopen,32,1
no_name_set:gz_error,53,33
no_name_set:gz_reset,53,7
no_name_set:gz_open,39,13
no_name_set:gz_open,39,14
no_name_set:gz_reset,53,7
no_name_set:gz_error,53,33
no_name_set:gzopen,32,1
no_name_set:gzoffset64,50,25
no_name_set:gztell64,54,27
no_name_set:gzseek64,52,34
no_name_set:gzopen64,32,1
no_name_set:gzclearerr,45,11
no_name_set:gzerror,42,16
no_name_set:gzeof,40,17
no_name_set:gzrewind,46,17
no_name_set:gzbuffer,38,11
no_name_set:gzdopen,42,12
no_name_set:gzread,39,16
no_name_set:gzread,41,17
no_name_set:gzfread,52,34
no_name_set:gzgets,42,24
no_name_set:gzgetc,41,17
no_name_set:gzgetc,42,17
no_name_set:gzungetc,43,22
no_name_set:gzdirect,40,17
no_name_set:gzclose_r,44,11
no_name_set:gz_load,39,22
no_name_set:gz_load,41,22
no_name_set:gz_avail,40,18
no_name_set:gz_look,41,14
no_name_set:gz_decomp,41,14
no_name_set:gz_fetch,42,17
no_name_set:gz_skip,48,27
no_name_set:gz_read,48,29
no_name_set:gz_read,48,29
no_name_set:gz_skip,48,27
no_name_set:gz_fetch,41,14
no_name_set:gz_decomp,41,14
no_name_set:gz_look,42,13
no_name_set:gz_avail,40,18
no_name_set:gz_load,41,22
no_name_set:gzclose_r,44,11
no_name_set:gzdirect,40,17
no_name_set:gzungetc,45,20
no_name_set:gzgetc,42,17
no_name_set:gzgets,42,24
no_name_set:gzfread,52,34
no_name_set:gzread,41,17
no_name_set:gzsetparams,42,19
no_name_set:gzwrite,41,19
no_name_set:gzfwrite,53,36
no_name_set:gzputs,45,21
no_name_set:gzputs,45,18
no_name_set:gzputc,44,23
no_name_set:gzflush,40,20
no_name_set:gzclose_w,44,18
no_name_set:gzvprintf,43,26
no_name_set:gz_init,47,14
no_name_set:gz_comp,43,24
no_name_set:gz_comp,43,22
no_name_set:gz_zero,49,24
no_name_set:gz_write,49,33
no_name_set:gz_write,50,32
no_name_set:gz_zero,49,24
no_name_set:gz_comp,43,21
no_name_set:gz_init,47,12
no_name_set:gzvprintf,42,25
no_name_set:gzclose_w,44,18
no_name_set:gzflush,40,20
no_name_set:gzputc,45,23
no_name_set:gzputs,45,18
no_name_set:gzfwrite,53,36
no_name_set:gzwrite,41,19
no_name_set:gzsetparams,42,19
